{
  "kind": "identitytoolkit#GetAccountInfoResponse",
  "users": [
    {
      "localId": "4xd8EFK4cuaHRehUz3RIrgewnt42",
      "email": "test_runner@sub.cx",
      "passwordHash": "UkVEQUNURUQ=",
      "emailVerified": false,
      "passwordUpdatedAt": 1700644747593,
      "providerUserInfo": [
        {
          "providerId": "password",
          "federatedId": "test_runner@sub.cx",
          "email": "test_runner@sub.cx",
          "rawId": "test_runner@sub.cx"
        }
      ],
      "validSince": "1700644747",
      "disabled": false,
      "lastLoginAt": "1700908879552",
      "createdAt": "1700644747593",
      "lastRefreshAt": "2023-11-26T01:29:43.018916Z"
    }
  ]
}
