{
  "msg": "ok",
  "runner": {
    "runnerId": "6596adfc83bf73bb918038ca",
    "name": "Test Runner",
    "firstName": "Test",
    "lastName": "Runner",
    "email": "test_runner@sub.cx",
<<<<<<< HEAD
    "mobile": "+91 111111111",
    "_id": "655943792ec000575c3f7f05",
    "runsPerWeek": 5,
    "isActive": false,
    "runningGroup": "Example",
    "subRunningGroup": "1122"
=======
    "mobile": "+1 234 567 8901",
    "_id": "6596adfc83bf73bb918038ca",
    "runsPerWeek": "5",
    "isActive": true,
    "isRegistered": true,
    "runningGroup": "Testing",
    "subRunningGroup": "General"
>>>>>>> dev
  }
}
