{
  "workoutName": "Fartlek 3X(2000/500)",
  "description": "This is a fartlek 3X(2000/500) run",
  "sport": "RUNNING",
  "steps": [
    {
      "type": "WorkoutStep",
      "stepOrder": 1,
      "intensity": "WARMUP",
      "description": "",
      "durationType": "OPEN",
      "durationValue": null,
      "durationValueType": null,
      "targetType": null,
      "targetValue": null,
      "targetValueLow": null,
      "targetValueHigh": null,
      "targetValueType": null
    },
    {
      "type": "WorkoutRepeatStep",
      "stepOrder": 2,
      "repeatType": "REPEAT_UNTIL_STEPS_CMPLT",
      "repeatValue": 3,
      "steps": [
        {
          "type": "WorkoutStep",
          "stepOrder": 20,
          "intensity": "INTERVAL",
          "description": "",
          "durationType": "DISTANCE",
          "durationValue": 2000,
          "durationValueType": null,
          "targetType": "PACE",
          "targetValue": null,
          "targetValueLow": 3.448,
          "targetValueHigh": 3.704,
          "targetValueType": null,
          "strokeType": null,
          "equipmentType": null,
          "exerciseCategory": null,
          "exerciseName": null,
          "weightValue": null,
          "weightDisplayUnit": null
        },
        {
          "type": "WorkoutStep",
          "stepOrder": 21,
          "intensity": "RECOVERY",
          "description": null,
          "durationType": "DISTANCE",
          "durationValue": 500,
          "durationValueType": null,
          "targetType": null,
          "targetValue": null,
          "targetValueLow": null,
          "targetValueHigh": null,
          "targetValueType": null,
          "strokeType": null,
          "equipmentType": null,
          "exerciseCategory": null,
          "exerciseName": null,
          "weightValue": null,
          "weightDisplayUnit": null
        }
      ]
    },
    {
      "type": "WorkoutStep",
      "stepOrder": 3,
      "intensity": "COOLDOWN",
      "description": "",
      "durationType": "OPEN",
      "durationValue": null,
      "durationValueType": null,
      "targetType": null,
      "targetValue": null,
      "targetValueLow": null,
      "targetValueHigh": null,
      "targetValueType": null
    }
  ]
}
