{
  "_id": {
    "$oid": "62f369717eb82dc9be9a5bce"
  },
  "data": {
    "activities": [
      {
        "userId": "e34adde0-1144-43d6-92d8-8d008526402c",
        "userAccessToken": "a6378212-3049-4198-880b-6407cc73d60c",
        "summaryId": "9374038240",
        "activityId": {
          "$numberDouble": "9374038240"
        },
        "activityName": "Pool Swimming",
        "durationInSeconds": {
          "$numberInt": "1306"
        },
        "startTimeInSeconds": {
          "$numberInt": "1660115249"
        },
        "startTimeOffsetInSeconds": {
          "$numberInt": "10800"
        },
        "activityType": "LAP_SWIMMING",
        "averageSpeedInMetersPerSecond": {
          "$numberDouble": "0.766"
        },
        "averageSwimCadenceInStrokesPerMinute": {
          "$numberInt": "25"
        },
        "averagePaceInMinutesPerKilometer": {
          "$numberDouble": "21.75805"
        },
        "activeKilocalories": {
          "$numberInt": "200"
        },
        "deviceName": "forerunner935",
        "distanceInMeters": {
          "$numberInt": "1000"
        },
        "maxPaceInMinutesPerKilometer": {
          "$numberDouble": "16.650015"
        },
        "maxSpeedInMetersPerSecond": {
          "$numberDouble": "1.001"
        }
      }
    ]
  },
  "__v": {
    "$numberInt": "0"
  }
}
