{
  "kind": "identitytoolkit#GetAccountInfoResponse",
  "users": [
    {
      "localId": "Em2tDogdyLavDTRXUJAPc4ZvnmA2",
      "email": "test_trainer@sub.cx",
      "passwordHash": "UkVEQUNURUQ=",
      "emailVerified": false,
      "passwordUpdatedAt": 1699813084956,
      "providerUserInfo": [
        {
          "providerId": "password",
          "federatedId": "test_trainer@sub.cx",
          "email": "test_trainer@sub.cx",
          "rawId": "test_trainer@sub.cx"
        }
      ],
      "validSince": "1699813084",
      "lastLoginAt": "1699904564229",
      "createdAt": "1699813084956",
      "lastRefreshAt": "2023-11-13T19:42:44.229Z"
    }
  ]
}
