{
  "kind": "identitytoolkit#GetAccountInfoResponse",
  "users": [
    {
      "localId": "3qF51LvA5lYCnUOfW0Nt5oEQuNU2",
      "email": "new_trainer@sub.cx",
      "passwordHash": "UkVEQUNURUQ=",
      "emailVerified": false,
      "passwordUpdatedAt": 1699990486153,
      "providerUserInfo": [
        {
          "providerId": "password",
          "federatedId": "new_trainer@sub.cx",
          "email": "new_trainer@sub.cx",
          "rawId": "new_trainer@sub.cx"
        }
      ],
      "validSince": "1699990486",
      "lastLoginAt": "1699990486153",
      "createdAt": "1699990486153",
      "lastRefreshAt": "2023-11-14T19:34:46.153Z"
    }
  ]
}
